Count;Name;ZONESGREEN_001;ZONESGREEN_001(1);ZONESGREEN_001(2);ZONESGREEN_001(3);ZONESGREEN_002;ZONESGREEN_002(1);ZONESGREEN_002(2);ZONESGREEN_002(3);ZONESGREEN_002(4);ZONESGREEN_002(5);ZONESGREEN_003;ZONESGREEN_003(1);ZONESGREEN_003(2);ZONESGREEN_003(3);ZONESGREEN_003(4);ZONESGREEN_003(5);ZONESGREEN_04;ZONESGREEN_04(1);ZONESGREEN_04(2);ZONESGREEN_04(3);ZONESGREEN_06_1_XY;ZONESGREEN_06_2_XY;ZONESGREEN_06_3_XY;ZONESGREEN_06_4_XY;ZONESGREEN_06_5_XY;ZONESGREEN_06_6_XY;ZONESGREEN_07;ZONESGREEN_07(1);ZONESGREEN_07(2);ZONESGREEN_07(3)
1;_Greens_001;5560.0000, -2840.5633;5560.0000, -1547.2987;4400.0000, -877.5724;4400.0000, -2170.8370;;;;;;;;;;;;;;;;;;;;;;;;;;
1;_Greens_001;5640.0000, -2840.5633;5640.0000, -1547.2987;6800.0000, -877.5724;6800.0000, -2170.8370;;;;;;;;;;;;;;;;;;;;;;;;;;
1;_Greens_001;2840.0000, -2119.4367;2840.0000, -3412.7013;1680.0000, -4082.4276;1680.0000, -2789.1630;;;;;;;;;;;;;;;;;;;;;;;;;;
1;_Greens_001;5640.0000, 2840.5633;5640.0000, 1547.2987;6800.0000, 877.5724;6800.0000, 2170.8370;;;;;;;;;;;;;;;;;;;;;;;;;;
1;_Greens_001;2840.0000, 2119.4367;2840.0000, 3412.7013;1680.0000, 4082.4276;1680.0000, 2789.1630;;;;;;;;;;;;;;;;;;;;;;;;;;
1;_Greens_001;2920.0000, 2119.4367;2920.0000, 3412.7013;4080.0000, 4082.4276;4080.0000, 2789.1630;;;;;;;;;;;;;;;;;;;;;;;;;;
1;_Greens_001;5560.0000, 2840.5633;5560.0000, 1547.2987;4400.0000, 877.5724;4400.0000, 2170.8370;;;;;;;;;;;;;;;;;;;;;;;;;;
1;_Greens_001;-2840.0000, -2119.4367;-2840.0000, -3412.7013;-1680.0000, -4082.4276;-1680.0000, -2789.1630;;;;;;;;;;;;;;;;;;;;;;;;;;
1;_Greens_001;-2920.0000, -7800.5633;-2920.0000, -6507.2987;-4080.0000, -5837.5724;-4080.0000, -7130.8370;;;;;;;;;;;;;;;;;;;;;;;;;;
1;_Greens_001;-2840.0000, -7800.5633;-2840.0000, -6507.2987;-1680.0000, -5837.5724;-1680.0000, -7130.8370;;;;;;;;;;;;;;;;;;;;;;;;;;
1;_Greens_001;-2920.0000, -2119.4367;-2920.0000, -3412.7013;-4080.0000, -4082.4276;-4080.0000, -2789.1630;;;;;;;;;;;;;;;;;;;;;;;;;;
1;_Greens_001;2920.0000, -2119.4367;2920.0000, -3412.7013;4080.0000, -4082.4276;4080.0000, -2789.1630;;;;;;;;;;;;;;;;;;;;;;;;;;
1;_Greens_001;2840.0000, -7800.5633;2840.0000, -6507.2987;1680.0000, -5837.5724;1680.0000, -7130.8370;;;;;;;;;;;;;;;;;;;;;;;;;;
1;_Greens_001;2920.0000, -7800.5633;2920.0000, -6507.2987;4080.0000, -5837.5724;4080.0000, -7130.8370;;;;;;;;;;;;;;;;;;;;;;;;;;
1;_Greens_001;-5640.0000, 2840.5633;-5640.0000, 1547.2987;-6800.0000, 877.5724;-6800.0000, 2170.8370;;;;;;;;;;;;;;;;;;;;;;;;;;
1;_Greens_001;-5560.0000, 2840.5633;-5560.0000, 1547.2987;-4400.0000, 877.5724;-4400.0000, 2170.8370;;;;;;;;;;;;;;;;;;;;;;;;;;
1;_Greens_001;-5640.0000, -2840.5633;-5640.0000, -1547.2987;-6800.0000, -877.5724;-6800.0000, -2170.8370;;;;;;;;;;;;;;;;;;;;;;;;;;
1;_Greens_001;40.0000, -2840.5633;40.0000, -1547.2987;1200.0000, -877.5724;1200.0000, -2170.8370;;;;;;;;;;;;;;;;;;;;;;;;;;
1;_Greens_001;-40.0000, 2840.5633;-40.0000, 1547.2987;-1200.0000, 877.5724;-1200.0000, 2170.8370;;;;;;;;;;;;;;;;;;;;;;;;;;
1;_Greens_001;40.0000, 2840.5633;40.0000, 1547.2987;1200.0000, 877.5724;1200.0000, 2170.8370;;;;;;;;;;;;;;;;;;;;;;;;;;
1;_Greens_001;-40.0000, -2840.5633;-40.0000, -1547.2987;-1200.0000, -877.5724;-1200.0000, -2170.8370;;;;;;;;;;;;;;;;;;;;;;;;;;
1;_Greens_001;-2840.0000, 2119.4367;-2840.0000, 3412.7013;-1680.0000, 4082.4276;-1680.0000, 2789.1630;;;;;;;;;;;;;;;;;;;;;;;;;;
1;_Greens_001;2840.0000, 7800.5633;2840.0000, 6507.2987;1680.0000, 5837.5724;1680.0000, 7130.8370;;;;;;;;;;;;;;;;;;;;;;;;;;
1;_Greens_001;2920.0000, 7800.5633;2920.0000, 6507.2987;4080.0000, 5837.5724;4080.0000, 7130.8370;;;;;;;;;;;;;;;;;;;;;;;;;;
1;_Greens_001;-2920.0000, 2119.4367;-2920.0000, 3412.7013;-4080.0000, 4082.4276;-4080.0000, 2789.1630;;;;;;;;;;;;;;;;;;;;;;;;;;
1;_Greens_001;-5560.0000, -2840.5633;-5560.0000, -1547.2987;-4400.0000, -877.5724;-4400.0000, -2170.8370;;;;;;;;;;;;;;;;;;;;;;;;;;
1;_Greens_001;-2920.0000, 7800.5633;-2920.0000, 6507.2987;-4080.0000, 5837.5724;-4080.0000, 7130.8370;;;;;;;;;;;;;;;;;;;;;;;;;;
1;_Greens_001;-2840.0000, 7800.5633;-2840.0000, 6507.2987;-1680.0000, 5837.5724;-1680.0000, 7130.8370;;;;;;;;;;;;;;;;;;;;;;;;;;
1;_Greens_002;;;;;1520.0000, -7038.4610;1520.0000, -5791.3844;1200.0000, -5976.1365;1200.0000, -6484.2047;760.0000, -6230.1706;440.0000, -6414.9227;;;;;;;;;;;;;;;;;;;;
1;_Greens_002;;;;;1520.0000, -2881.5390;1520.0000, -4128.6156;1200.0000, -3943.8635;1200.0000, -3435.7953;760.0000, -3689.8294;440.0000, -3505.0773;;;;;;;;;;;;;;;;;;;;
1;_Greens_002;;;;;400.0000, -4821.4359;1480.0000, -4197.8976;1160.0000, -4013.1456;720.0000, -4267.1797;720.0000, -3759.1114;400.0000, -3574.3594;;;;;;;;;;;;;;;;;;;;
1;_Greens_002;;;;;4240.0000, -2881.5390;4240.0000, -4128.6156;4560.0000, -3943.8635;4560.0000, -3435.7953;5000.0000, -3689.8294;5320.0000, -3505.0773;;;;;;;;;;;;;;;;;;;;
1;_Greens_002;;;;;400.0000, -5098.5641;1480.0000, -5722.1024;1160.0000, -5906.8544;720.0000, -5652.8203;720.0000, -6160.8886;400.0000, -6345.6406;;;;;;;;;;;;;;;;;;;;
1;_Greens_002;;;;;8080.0000, -138.5641;7000.0000, -762.1024;7320.0000, -946.8544;7760.0000, -692.8203;7760.0000, -1200.8886;8080.0000, -1385.6406;;;;;;;;;;;;;;;;;;;;
1;_Greens_002;;;;;3120.0000, -138.5641;4200.0000, -762.1024;3880.0000, -946.8544;3440.0000, -692.8203;3440.0000, -1200.8886;3120.0000, -1385.6406;;;;;;;;;;;;;;;;;;;;
1;_Greens_002;;;;;3120.0000, 138.5641;4200.0000, 762.1024;3880.0000, 946.8544;3440.0000, 692.8203;3440.0000, 1200.8886;3120.0000, 1385.6406;;;;;;;;;;;;;;;;;;;;
1;_Greens_002;;;;;6960.0000, 2078.4610;6960.0000, 831.3844;7280.0000, 1016.1365;7280.0000, 1524.2047;7720.0000, 1270.1706;8040.0000, 1454.9227;;;;;;;;;;;;;;;;;;;;
1;_Greens_002;;;;;8080.0000, 138.5641;7000.0000, 762.1024;7320.0000, 946.8544;7760.0000, 692.8203;7760.0000, 1200.8886;8080.0000, 1385.6406;;;;;;;;;;;;;;;;;;;;
1;_Greens_002;;;;;6960.0000, -2078.4610;6960.0000, -831.3844;7280.0000, -1016.1365;7280.0000, -1524.2047;7720.0000, -1270.1706;8040.0000, -1454.9227;;;;;;;;;;;;;;;;;;;;
1;_Greens_002;;;;;-1520.0000, -2881.5390;-1520.0000, -4128.6156;-1200.0000, -3943.8635;-1200.0000, -3435.7953;-760.0000, -3689.8294;-440.0000, -3505.0773;;;;;;;;;;;;;;;;;;;;
1;_Greens_002;;;;;-5360.0000, -5098.5641;-4280.0000, -5722.1024;-4600.0000, -5906.8544;-5040.0000, -5652.8203;-5040.0000, -6160.8886;-5360.0000, -6345.6406;;;;;;;;;;;;;;;;;;;;
1;_Greens_002;;;;;-1520.0000, -7038.4610;-1520.0000, -5791.3844;-1200.0000, -5976.1365;-1200.0000, -6484.2047;-760.0000, -6230.1706;-440.0000, -6414.9227;;;;;;;;;;;;;;;;;;;;
1;_Greens_002;;;;;-400.0000, -5098.5641;-1480.0000, -5722.1024;-1160.0000, -5906.8544;-720.0000, -5652.8203;-720.0000, -6160.8886;-400.0000, -6345.6406;;;;;;;;;;;;;;;;;;;;
1;_Greens_002;;;;;-400.0000, -4821.4359;-1480.0000, -4197.8976;-1160.0000, -4013.1456;-720.0000, -4267.1797;-720.0000, -3759.1114;-400.0000, -3574.3594;;;;;;;;;;;;;;;;;;;;
1;_Greens_002;;;;;-5360.0000, -4821.4359;-4280.0000, -4197.8976;-4600.0000, -4013.1456;-5040.0000, -4267.1797;-5040.0000, -3759.1114;-5360.0000, -3574.3594;;;;;;;;;;;;;;;;;;;;
1;_Greens_002;;;;;5360.0000, -4821.4359;4280.0000, -4197.8976;4600.0000, -4013.1456;5040.0000, -4267.1797;5040.0000, -3759.1114;5360.0000, -3574.3594;;;;;;;;;;;;;;;;;;;;
1;_Greens_002;;;;;4240.0000, -7038.4610;4240.0000, -5791.3844;4560.0000, -5976.1365;4560.0000, -6484.2047;5000.0000, -6230.1706;5320.0000, -6414.9227;;;;;;;;;;;;;;;;;;;;
1;_Greens_002;;;;;5360.0000, -5098.5641;4280.0000, -5722.1024;4600.0000, -5906.8544;5040.0000, -5652.8203;5040.0000, -6160.8886;5360.0000, -6345.6406;;;;;;;;;;;;;;;;;;;;
1;_Greens_002;;;;;-4240.0000, -7038.4610;-4240.0000, -5791.3844;-4560.0000, -5976.1365;-4560.0000, -6484.2047;-5000.0000, -6230.1706;-5320.0000, -6414.9227;;;;;;;;;;;;;;;;;;;;
1;_Greens_002;;;;;-4240.0000, -2881.5390;-4240.0000, -4128.6156;-4560.0000, -3943.8635;-4560.0000, -3435.7953;-5000.0000, -3689.8294;-5320.0000, -3505.0773;;;;;;;;;;;;;;;;;;;;
1;_Greens_002;;;;;2480.0000, -138.5641;1400.0000, -762.1024;1720.0000, -946.8544;2160.0000, -692.8203;2160.0000, -1200.8886;2480.0000, -1385.6406;;;;;;;;;;;;;;;;;;;;
1;_Greens_002;;;;;2480.0000, 138.5641;1400.0000, 762.1024;1720.0000, 946.8544;2160.0000, 692.8203;2160.0000, 1200.8886;2480.0000, 1385.6406;;;;;;;;;;;;;;;;;;;;
1;_Greens_002;;;;;-4240.0000, 2078.4610;-4240.0000, 831.3844;-3920.0000, 1016.1365;-3920.0000, 1524.2047;-3480.0000, 1270.1706;-3160.0000, 1454.9227;;;;;;;;;;;;;;;;;;;;
1;_Greens_002;;;;;-3120.0000, 138.5641;-4200.0000, 762.1024;-3880.0000, 946.8544;-3440.0000, 692.8203;-3440.0000, 1200.8886;-3120.0000, 1385.6406;;;;;;;;;;;;;;;;;;;;
1;_Greens_002;;;;;-4240.0000, -2078.4610;-4240.0000, -831.3844;-3920.0000, -1016.1365;-3920.0000, -1524.2047;-3480.0000, -1270.1706;-3160.0000, -1454.9227;;;;;;;;;;;;;;;;;;;;
1;_Greens_002;;;;;1360.0000, -2078.4610;1360.0000, -831.3844;1680.0000, -1016.1365;1680.0000, -1524.2047;2120.0000, -1270.1706;2440.0000, -1454.9227;;;;;;;;;;;;;;;;;;;;
1;_Greens_002;;;;;-1360.0000, -2078.4610;-1360.0000, -831.3844;-1680.0000, -1016.1365;-1680.0000, -1524.2047;-2120.0000, -1270.1706;-2440.0000, -1454.9227;;;;;;;;;;;;;;;;;;;;
1;_Greens_002;;;;;-1360.0000, 2078.4610;-1360.0000, 831.3844;-1680.0000, 1016.1365;-1680.0000, 1524.2047;-2120.0000, 1270.1706;-2440.0000, 1454.9227;;;;;;;;;;;;;;;;;;;;
1;_Greens_002;;;;;-2480.0000, 138.5641;-1400.0000, 762.1024;-1720.0000, 946.8544;-2160.0000, 692.8203;-2160.0000, 1200.8886;-2480.0000, 1385.6406;;;;;;;;;;;;;;;;;;;;
1;_Greens_002;;;;;1360.0000, 2078.4610;1360.0000, 831.3844;1680.0000, 1016.1365;1680.0000, 1524.2047;2120.0000, 1270.1706;2440.0000, 1454.9227;;;;;;;;;;;;;;;;;;;;
1;_Greens_002;;;;;-2480.0000, -138.5641;-1400.0000, -762.1024;-1720.0000, -946.8544;-2160.0000, -692.8203;-2160.0000, -1200.8886;-2480.0000, -1385.6406;;;;;;;;;;;;;;;;;;;;
1;_Greens_002;;;;;400.0000, 5098.5641;1480.0000, 5722.1024;1160.0000, 5906.8544;720.0000, 5652.8203;720.0000, 6160.8886;400.0000, 6345.6406;;;;;;;;;;;;;;;;;;;;
1;_Greens_002;;;;;1520.0000, 2881.5390;1520.0000, 4128.6156;1200.0000, 3943.8635;1200.0000, 3435.7953;760.0000, 3689.8294;440.0000, 3505.0773;;;;;;;;;;;;;;;;;;;;
1;_Greens_002;;;;;400.0000, 4821.4359;1480.0000, 4197.8976;1160.0000, 4013.1456;720.0000, 4267.1797;720.0000, 3759.1114;400.0000, 3574.3594;;;;;;;;;;;;;;;;;;;;
1;_Greens_002;;;;;4240.0000, -2078.4610;4240.0000, -831.3844;3920.0000, -1016.1365;3920.0000, -1524.2047;3480.0000, -1270.1706;3160.0000, -1454.9227;;;;;;;;;;;;;;;;;;;;
1;_Greens_002;;;;;4240.0000, 2078.4610;4240.0000, 831.3844;3920.0000, 1016.1365;3920.0000, 1524.2047;3480.0000, 1270.1706;3160.0000, 1454.9227;;;;;;;;;;;;;;;;;;;;
1;_Greens_002;;;;;1520.0000, 7038.4610;1520.0000, 5791.3844;1200.0000, 5976.1365;1200.0000, 6484.2047;760.0000, 6230.1706;440.0000, 6414.9227;;;;;;;;;;;;;;;;;;;;
1;_Greens_002;;;;;-1520.0000, 7038.4610;-1520.0000, 5791.3844;-1200.0000, 5976.1365;-1200.0000, 6484.2047;-760.0000, 6230.1706;-440.0000, 6414.9227;;;;;;;;;;;;;;;;;;;;
1;_Greens_002;;;;;-3120.0000, -138.5641;-4200.0000, -762.1024;-3880.0000, -946.8544;-3440.0000, -692.8203;-3440.0000, -1200.8886;-3120.0000, -1385.6406;;;;;;;;;;;;;;;;;;;;
1;_Greens_002;;;;;-1520.0000, 2881.5390;-1520.0000, 4128.6156;-1200.0000, 3943.8635;-1200.0000, 3435.7953;-760.0000, 3689.8294;-440.0000, 3505.0773;;;;;;;;;;;;;;;;;;;;
1;_Greens_002;;;;;-400.0000, 4821.4359;-1480.0000, 4197.8976;-1160.0000, 4013.1456;-720.0000, 4267.1797;-720.0000, 3759.1114;-400.0000, 3574.3594;;;;;;;;;;;;;;;;;;;;
1;_Greens_002;;;;;-400.0000, 5098.5641;-1480.0000, 5722.1024;-1160.0000, 5906.8544;-720.0000, 5652.8203;-720.0000, 6160.8886;-400.0000, 6345.6406;;;;;;;;;;;;;;;;;;;;
1;_Greens_003;;;;;;;;;;;6960.0000, -277.1281;7440.0000, 0.0000;6960.0000, 277.1281;6960.0000, 646.6323;8080.0000, 0.0000;6960.0000, -646.6323;;;;;;;;;;;;;;
1;_Greens_003;;;;;;;;;;;4240.0000, -277.1281;3760.0000, 0.0000;4240.0000, 277.1281;4240.0000, 646.6323;3120.0000, 0.0000;4240.0000, -646.6323;;;;;;;;;;;;;;
1;_Greens_003;;;;;;;;;;;4240.0000, 4682.8719;4720.0000, 4960.0000;4240.0000, 5237.1281;4240.0000, 5606.6323;5360.0000, 4960.0000;4240.0000, 4313.3677;;;;;;;;;;;;;;
1;_Greens_003;;;;;;;;;;;1520.0000, -5237.1281;1040.0000, -4960.0000;1520.0000, -4682.8719;1520.0000, -4313.3677;400.0000, -4960.0000;1520.0000, -5606.6323;;;;;;;;;;;;;;
1;_Greens_003;;;;;;;;;;;-1520.0000, -5237.1281;-1040.0000, -4960.0000;-1520.0000, -4682.8719;-1520.0000, -4313.3677;-400.0000, -4960.0000;-1520.0000, -5606.6323;;;;;;;;;;;;;;
1;_Greens_003;;;;;;;;;;;-4240.0000, -5237.1281;-4720.0000, -4960.0000;-4240.0000, -4682.8719;-4240.0000, -4313.3677;-5360.0000, -4960.0000;-4240.0000, -5606.6323;;;;;;;;;;;;;;
1;_Greens_003;;;;;;;;;;;4240.0000, -5237.1281;4720.0000, -4960.0000;4240.0000, -4682.8719;4240.0000, -4313.3677;5360.0000, -4960.0000;4240.0000, -5606.6323;;;;;;;;;;;;;;
1;_Greens_003;;;;;;;;;;;-6960.0000, -277.1281;-7440.0000, 0.0000;-6960.0000, 277.1281;-6960.0000, 646.6323;-8080.0000, 0.0000;-6960.0000, -646.6323;;;;;;;;;;;;;;
1;_Greens_003;;;;;;;;;;;1360.0000, -277.1281;1840.0000, 0.0000;1360.0000, 277.1281;1360.0000, 646.6323;2480.0000, 0.0000;1360.0000, -646.6323;;;;;;;;;;;;;;
1;_Greens_003;;;;;;;;;;;-1360.0000, -277.1281;-1840.0000, 0.0000;-1360.0000, 277.1281;-1360.0000, 646.6323;-2480.0000, 0.0000;-1360.0000, -646.6323;;;;;;;;;;;;;;
1;_Greens_003;;;;;;;;;;;-4240.0000, -277.1281;-3760.0000, 0.0000;-4240.0000, 277.1281;-4240.0000, 646.6323;-3120.0000, 0.0000;-4240.0000, -646.6323;;;;;;;;;;;;;;
1;_Greens_003;;;;;;;;;;;1520.0000, 4682.8719;1040.0000, 4960.0000;1520.0000, 5237.1281;1520.0000, 5606.6323;400.0000, 4960.0000;1520.0000, 4313.3677;;;;;;;;;;;;;;
1;_Greens_003;;;;;;;;;;;-1520.0000, 4682.8719;-1040.0000, 4960.0000;-1520.0000, 5237.1281;-1520.0000, 5606.6323;-400.0000, 4960.0000;-1520.0000, 4313.3677;;;;;;;;;;;;;;
1;_Greens_003;;;;;;;;;;;-4240.0000, 4682.8719;-4720.0000, 4960.0000;-4240.0000, 5237.1281;-4240.0000, 5606.6323;-5360.0000, 4960.0000;-4240.0000, 4313.3677;;;;;;;;;;;;;;
1;_Greens_004;;;;;;;;;;;;;;;;;6520.0000, 392.5982;6800.0000, 554.2563;6800.0000, -554.2563;6520.0000, -392.5982;;;;;;;;;;
1;_Greens_004;;;;;;;;;;;;;;;;;4680.0000, 392.5982;4400.0000, 554.2563;4400.0000, -554.2563;4680.0000, -392.5982;;;;;;;;;;
1;_Greens_004;;;;;;;;;;;;;;;;;3800.0000, 5352.5982;4080.0000, 5514.2563;4080.0000, 4405.7437;3800.0000, 4567.4018;;;;;;;;;;
1;_Greens_004;;;;;;;;;;;;;;;;;1960.0000, -4567.4018;1680.0000, -4405.7437;1680.0000, -5514.2563;1960.0000, -5352.5982;;;;;;;;;;
1;_Greens_004;;;;;;;;;;;;;;;;;-1960.0000, -4567.4018;-1680.0000, -4405.7437;-1680.0000, -5514.2563;-1960.0000, -5352.5982;;;;;;;;;;
1;_Greens_004;;;;;;;;;;;;;;;;;-3800.0000, -4567.4018;-4080.0000, -4405.7437;-4080.0000, -5514.2563;-3800.0000, -5352.5982;;;;;;;;;;
1;_Greens_004;;;;;;;;;;;;;;;;;3800.0000, -4567.4018;4080.0000, -4405.7437;4080.0000, -5514.2563;3800.0000, -5352.5982;;;;;;;;;;
1;_Greens_004;;;;;;;;;;;;;;;;;-6520.0000, 392.5982;-6800.0000, 554.2563;-6800.0000, -554.2563;-6520.0000, -392.5982;;;;;;;;;;
1;_Greens_004;;;;;;;;;;;;;;;;;920.0000, 392.5982;1200.0000, 554.2563;1200.0000, -554.2563;920.0000, -392.5982;;;;;;;;;;
1;_Greens_004;;;;;;;;;;;;;;;;;-920.0000, 392.5982;-1200.0000, 554.2563;-1200.0000, -554.2563;-920.0000, -392.5982;;;;;;;;;;
1;_Greens_004;;;;;;;;;;;;;;;;;-4680.0000, 392.5982;-4400.0000, 554.2563;-4400.0000, -554.2563;-4680.0000, -392.5982;;;;;;;;;;
1;_Greens_004;;;;;;;;;;;;;;;;;1960.0000, 5352.5982;1680.0000, 5514.2563;1680.0000, 4405.7437;1960.0000, 4567.4018;;;;;;;;;;
1;_Greens_004;;;;;;;;;;;;;;;;;-1960.0000, 5352.5982;-1680.0000, 5514.2563;-1680.0000, 4405.7437;-1960.0000, 4567.4018;;;;;;;;;;
1;_Greens_004;;;;;;;;;;;;;;;;;-3800.0000, 5352.5982;-4080.0000, 5514.2563;-4080.0000, 4405.7437;-3800.0000, 4567.4018;;;;;;;;;;
1;_Greens_005;;;;;;;;;;;;;;;;;;;;;4400.0000, -739.0083;4720.0000, -554.2563;5600.0000, -1062.3245;6480.0000, -554.2563;6800.0000, -739.0083;5600.0000, -1431.8287;;;;
1;_Greens_005;;;;;;;;;;;;;;;;;;;;;4400.0000, 739.0083;4720.0000, 554.2563;5600.0000, 1062.3245;6480.0000, 554.2563;6800.0000, 739.0083;5600.0000, 1431.8287;;;;
1;_Greens_005;;;;;;;;;;;;;;;;;;;;;1680.0000, 4220.9917;2000.0000, 4405.7437;2880.0000, 3897.6755;3760.0000, 4405.7437;4080.0000, 4220.9917;2880.0000, 3528.1713;;;;
1;_Greens_005;;;;;;;;;;;;;;;;;;;;;1680.0000, -4220.9917;2000.0000, -4405.7437;2880.0000, -3897.6755;3760.0000, -4405.7437;4080.0000, -4220.9917;2880.0000, -3528.1713;;;;
1;_Greens_005;;;;;;;;;;;;;;;;;;;;;-4080.0000, -5699.0083;-3760.0000, -5514.2563;-2880.0000, -6022.3245;-2000.0000, -5514.2563;-1680.0000, -5699.0083;-2880.0000, -6391.8287;;;;
1;_Greens_005;;;;;;;;;;;;;;;;;;;;;-4080.0000, -4220.9917;-3760.0000, -4405.7437;-2880.0000, -3897.6755;-2000.0000, -4405.7437;-1680.0000, -4220.9917;-2880.0000, -3528.1713;;;;
1;_Greens_005;;;;;;;;;;;;;;;;;;;;;1680.0000, -5699.0083;2000.0000, -5514.2563;2880.0000, -6022.3245;3760.0000, -5514.2563;4080.0000, -5699.0083;2880.0000, -6391.8287;;;;
1;_Greens_005;;;;;;;;;;;;;;;;;;;;;-6800.0000, 739.0083;-6480.0000, 554.2563;-5600.0000, 1062.3245;-4720.0000, 554.2563;-4400.0000, 739.0083;-5600.0000, 1431.8287;;;;
1;_Greens_005;;;;;;;;;;;;;;;;;;;;;-1200.0000, -739.0083;-880.0000, -554.2563;0.0000, -1062.3245;880.0000, -554.2563;1200.0000, -739.0083;0.0000, -1431.8287;;;;
1;_Greens_005;;;;;;;;;;;;;;;;;;;;;-1200.0000, 739.0083;-880.0000, 554.2563;0.0000, 1062.3245;880.0000, 554.2563;1200.0000, 739.0083;0.0000, 1431.8287;;;;
1;_Greens_005;;;;;;;;;;;;;;;;;;;;;-6800.0000, -739.0083;-6480.0000, -554.2563;-5600.0000, -1062.3245;-4720.0000, -554.2563;-4400.0000, -739.0083;-5600.0000, -1431.8287;;;;
1;_Greens_005;;;;;;;;;;;;;;;;;;;;;1680.0000, 5699.0083;2000.0000, 5514.2563;2880.0000, 6022.3245;3760.0000, 5514.2563;4080.0000, 5699.0083;2880.0000, 6391.8287;;;;
1;_Greens_005;;;;;;;;;;;;;;;;;;;;;-4080.0000, 4220.9917;-3760.0000, 4405.7437;-2880.0000, 3897.6755;-2000.0000, 4405.7437;-1680.0000, 4220.9917;-2880.0000, 3528.1713;;;;
1;_Greens_005;;;;;;;;;;;;;;;;;;;;;-4080.0000, 5699.0083;-3760.0000, 5514.2563;-2880.0000, 6022.3245;-2000.0000, 5514.2563;-1680.0000, 5699.0083;-2880.0000, 6391.8287;;;;
1;_Greens_006;-6960.0000, -785.1964;-6960.0000, -2078.4610;-8080.0000, -1431.8287;-8080.0000, -138.5641;;;;;;;;;;;;;;;;;;;;;;;;;;
1;_Greens_006;4240.0000, 5745.1964;4240.0000, 7038.4610;5360.0000, 6391.8287;5360.0000, 5098.5641;;;;;;;;;;;;;;;;;;;;;;;;;;
1;_Greens_006;4240.0000, 4174.8036;4240.0000, 2881.5390;5360.0000, 3528.1713;5360.0000, 4821.4359;;;;;;;;;;;;;;;;;;;;;;;;;;
1;_Greens_006;-4240.0000, 5745.1964;-4240.0000, 7038.4610;-5360.0000, 6391.8287;-5360.0000, 5098.5641;;;;;;;;;;;;;;;;;;;;;;;;;;
1;_Greens_006;-4240.0000, 4174.8036;-4240.0000, 2881.5390;-5360.0000, 3528.1713;-5360.0000, 4821.4359;;;;;;;;;;;;;;;;;;;;;;;;;;
1;_Greens_006;-6960.0000, 785.1964;-6960.0000, 2078.4610;-8080.0000, 1431.8287;-8080.0000, 138.5641;;;;;;;;;;;;;;;;;;;;;;;;;;
1;_Greens_007;;;;;;;;;;;;;;;;;;;;;;;;;;;5320.0000, -2517.2472;5320.0000, -1685.8628;4560.0000, -1247.0766;4560.0000, -2078.4610
1;_Greens_007;;;;;;;;;;;;;;;;;;;;;;;;;;;5880.0000, -2517.2472;5880.0000, -1685.8628;6640.0000, -1247.0766;6640.0000, -2078.4610
1;_Greens_007;;;;;;;;;;;;;;;;;;;;;;;;;;;2600.0000, -2442.7528;2600.0000, -3274.1372;1840.0000, -3712.9234;1840.0000, -2881.5390
1;_Greens_007;;;;;;;;;;;;;;;;;;;;;;;;;;;5880.0000, 2517.2472;5880.0000, 1685.8628;6640.0000, 1247.0766;6640.0000, 2078.4610
1;_Greens_007;;;;;;;;;;;;;;;;;;;;;;;;;;;2600.0000, 2442.7528;2600.0000, 3274.1372;1840.0000, 3712.9234;1840.0000, 2881.5390
1;_Greens_007;;;;;;;;;;;;;;;;;;;;;;;;;;;3160.0000, 2442.7528;3160.0000, 3274.1372;3920.0000, 3712.9234;3920.0000, 2881.5390
1;_Greens_007;;;;;;;;;;;;;;;;;;;;;;;;;;;5320.0000, 2517.2472;5320.0000, 1685.8628;4560.0000, 1247.0766;4560.0000, 2078.4610
1;_Greens_007;;;;;;;;;;;;;;;;;;;;;;;;;;;-2600.0000, -2442.7528;-2600.0000, -3274.1372;-1840.0000, -3712.9234;-1840.0000, -2881.5390
1;_Greens_007;;;;;;;;;;;;;;;;;;;;;;;;;;;-3160.0000, -7477.2472;-3160.0000, -6645.8628;-3920.0000, -6207.0766;-3920.0000, -7038.4610
1;_Greens_007;;;;;;;;;;;;;;;;;;;;;;;;;;;-2600.0000, -7477.2472;-2600.0000, -6645.8628;-1840.0000, -6207.0766;-1840.0000, -7038.4610
1;_Greens_007;;;;;;;;;;;;;;;;;;;;;;;;;;;-3160.0000, -2442.7528;-3160.0000, -3274.1372;-3920.0000, -3712.9234;-3920.0000, -2881.5390
1;_Greens_007;;;;;;;;;;;;;;;;;;;;;;;;;;;3160.0000, -2442.7528;3160.0000, -3274.1372;3920.0000, -3712.9234;3920.0000, -2881.5390
1;_Greens_007;;;;;;;;;;;;;;;;;;;;;;;;;;;2600.0000, -7477.2472;2600.0000, -6645.8628;1840.0000, -6207.0766;1840.0000, -7038.4610
1;_Greens_007;;;;;;;;;;;;;;;;;;;;;;;;;;;3160.0000, -7477.2472;3160.0000, -6645.8628;3920.0000, -6207.0766;3920.0000, -7038.4610
1;_Greens_007;;;;;;;;;;;;;;;;;;;;;;;;;;;-5880.0000, 2517.2472;-5880.0000, 1685.8628;-6640.0000, 1247.0766;-6640.0000, 2078.4610
1;_Greens_007;;;;;;;;;;;;;;;;;;;;;;;;;;;-5320.0000, 2517.2472;-5320.0000, 1685.8628;-4560.0000, 1247.0766;-4560.0000, 2078.4610
1;_Greens_007;;;;;;;;;;;;;;;;;;;;;;;;;;;-5880.0000, -2517.2472;-5880.0000, -1685.8628;-6640.0000, -1247.0766;-6640.0000, -2078.4610
1;_Greens_007;;;;;;;;;;;;;;;;;;;;;;;;;;;280.0000, -2517.2472;280.0000, -1685.8628;1040.0000, -1247.0766;1040.0000, -2078.4610
1;_Greens_007;;;;;;;;;;;;;;;;;;;;;;;;;;;-280.0000, 2517.2472;-280.0000, 1685.8628;-1040.0000, 1247.0766;-1040.0000, 2078.4610
1;_Greens_007;;;;;;;;;;;;;;;;;;;;;;;;;;;280.0000, 2517.2472;280.0000, 1685.8628;1040.0000, 1247.0766;1040.0000, 2078.4610
1;_Greens_007;;;;;;;;;;;;;;;;;;;;;;;;;;;-280.0000, -2517.2472;-280.0000, -1685.8628;-1040.0000, -1247.0766;-1040.0000, -2078.4610
1;_Greens_007;;;;;;;;;;;;;;;;;;;;;;;;;;;-2600.0000, 2442.7528;-2600.0000, 3274.1372;-1840.0000, 3712.9234;-1840.0000, 2881.5390
1;_Greens_007;;;;;;;;;;;;;;;;;;;;;;;;;;;2600.0000, 7477.2472;2600.0000, 6645.8628;1840.0000, 6207.0766;1840.0000, 7038.4610
1;_Greens_007;;;;;;;;;;;;;;;;;;;;;;;;;;;3160.0000, 7477.2472;3160.0000, 6645.8628;3920.0000, 6207.0766;3920.0000, 7038.4610
1;_Greens_007;;;;;;;;;;;;;;;;;;;;;;;;;;;-3160.0000, 2442.7528;-3160.0000, 3274.1372;-3920.0000, 3712.9234;-3920.0000, 2881.5390
1;_Greens_007;;;;;;;;;;;;;;;;;;;;;;;;;;;-5320.0000, -2517.2472;-5320.0000, -1685.8628;-4560.0000, -1247.0766;-4560.0000, -2078.4610
1;_Greens_007;;;;;;;;;;;;;;;;;;;;;;;;;;;-3160.0000, 7477.2472;-3160.0000, 6645.8628;-3920.0000, 6207.0766;-3920.0000, 7038.4610
1;_Greens_007;;;;;;;;;;;;;;;;;;;;;;;;;;;-2600.0000, 7477.2472;-2600.0000, 6645.8628;-1840.0000, 6207.0766;-1840.0000, 7038.4610
1;_Greens_008;;;;;;;;;;;;;;;;;;;;;;;;;;;-4480.0000, 4036.2396;-4480.0000, 3204.8552;-5200.0000, 3620.5474;-5200.0000, 4451.9318
1;_Greens_008;;;;;;;;;;;;;;;;;;;;;;;;;;;4480.0000, 5883.7604;4480.0000, 6715.1448;5200.0000, 6299.4526;5200.0000, 5468.0682
1;_Greens_008;;;;;;;;;;;;;;;;;;;;;;;;;;;4480.0000, 4036.2396;4480.0000, 3204.8552;5200.0000, 3620.5474;5200.0000, 4451.9318
1;_Greens_008;;;;;;;;;;;;;;;;;;;;;;;;;;;-7200.0000, 923.7604;-7200.0000, 1755.1448;-7920.0000, 1339.4526;-7920.0000, 508.0682
1;_Greens_008;;;;;;;;;;;;;;;;;;;;;;;;;;;-7200.0000, -923.7604;-7200.0000, -1755.1448;-7920.0000, -1339.4526;-7920.0000, -508.0682
1;_Greens_008;;;;;;;;;;;;;;;;;;;;;;;;;;;-4480.0000, 5883.7604;-4480.0000, 6715.1448;-5200.0000, 6299.4526;-5200.0000, 5468.0682